title,url,summary,source,score,id,subreddit,created_utc,num_comments,company,location
TennoCon 2025: Everything Revealed,https://www.ign.com/articles/tennocon-2025-everything-revealed,12h ago,IGN,,,,,,,
Digital Extremes Wants to Make a Warframe Nintendo Switch 2 Port ‚Äì But It Needs a Dev Kit First,https://www.ign.com/articles/warframe-developer-insists-backlog-of-dev-kits-to-blame-for-lack-of-nintendo-switch-2-port,12h ago,IGN,,,,,,,
Valve Cracks Down on ‚ÄòAdults Only‚Äô Steam Games - IGN Daily Fix,https://www.ign.com/videos/valve-cracks-down-on-adults-only-steam-games-ign-daily-fix,1d ago,IGN,,,,,,,
Spider-Man: Beyond the Spider-Verse Release Delayed Again,https://www.ign.com/articles/spider-man-beyond-the-spider-verse-release-delayed-again,1d ago,IGN,,,,,,,
Donkey Kong: Bananza's Artist Mode Is Already Producing Ridiculous Sculptures,https://www.ign.com/articles/donkey-kong-bananza-players-are-already-making-wild-stuff-in-artist-mode,1d ago,IGN,,,,,,,
Microsoft Abruptly Pulls Plug on its Movies and TV Store for Xbox and Windows,https://www.ign.com/articles/microsoft-abruptly-pulls-plug-on-its-movies-and-tv-store-for-xbox-and-windows,1d ago,IGN,,,,,,,
Stranger Things Showrunner Says the Season 5 Teaser 'Barely Scratches the Surface' and Has No Spoilers,https://www.ign.com/articles/stranger-things-showrunner-confirms-the-season-5-teaser-has-no-spoilers-barely-scratches-the-surface,1d ago,IGN,,,,,,,
Elden Ring Nightreign Is Closing Out The Month With Its Next Set of Enhanced Boss Fights,https://www.ign.com/articles/elden-ring-nightreign-will-start-rolling-out-more-enhanced-bosses-at-the-end-of-july,1d ago,IGN,,,,,,,
"Final Fantasy XIV Will End Windows 10 Support This October, Though It Will Still Be Playable",https://www.ign.com/articles/final-fantasy-xiv-is-ending-windows-10-support-though-youll-likely-still-be-able-to-play,1d ago,IGN,,,,,,,
"Trump Issues Statement on The Late Show With Stephen Colbert Cancelation, Singles Out Jimmy Kimmel and Jimmy Fallon",https://www.ign.com/articles/trump-says-i-absolutely-love-that-colbert-got-fired-in-the-wake-of-the-late-shows-shock-cancelation-declares-jimmy-kimmel-is-next-and-hits-out-at-jimmy-fallon,1d ago,IGN,,,,,,,
"Weekly /r/gamingnews Discussion - What Game You Will Play This Weekend, And What Do You Think Of It?",https://www.reddit.com/r/gamingnews/comments/1m2zaim/weekly_rgamingnews_discussion_what_game_you_will/,,Reddit,2.0,1m2zaim,gamingnews,1752836448.0,4.0,,
Valve confirms credit card companies pressured it to delist certain adult games from Steam,https://www.pcgamer.com/software/platforms/valve-confirms-credit-card-companies-pressured-it-to-delist-certain-adult-games-from-steam/,,Reddit,451.0,1m45z4y,gamingnews,1752956337.0,89.0,,
"Ubisoft CEO addresses Stop Killing Games after overseeing the deaths of The Crew and XDefiant: ""Support for all games cannot last forever"" | ""Clearly this is a far-reaching issue, and we're working on it""",https://www.gamesradar.com/games/racing/ubisoft-ceo-addresses-stop-killing-games-after-overseeing-the-deaths-of-the-crew-and-xdefiant-support-for-all-games-cannot-last-forever/,,Reddit,99.0,1m4fg9y,gamingnews,1752983921.0,46.0,,
US judge rejects Sony settlement over PlayStation game sales,https://www.reuters.com/legal/government/us-judge-rejects-sony-settlement-over-playstation-game-sales-2025-07-18/,,Reddit,23.0,1m46a81,gamingnews,1752957133.0,2.0,,
"Battlefield 6, the rumored title of the next game in EA's popular FPS series, is reportedly set to be unveiled on July 31, 2025.",https://gamerant.com/battlefield-6-july-31-reveal-2025/,,Reddit,5.0,1m4h8i6,gamingnews,1752990205.0,2.0,,
Krafton responds to Subnautica 2 lawsuit & accusations of sabotage,https://www.shacknews.com/article/145178/krafton-unknown-worlds-subnautica-2-statement,,Reddit,48.0,1m3w3a4,gamingnews,1752931240.0,12.0,,
The Star Wars Outlaws flop - Guillemot blames waning interest in the franchise,https://www.gamereactor.eu/the-star-wars-outlaws-flop-guillemot-blames-waning-interest-in-the-franchise-1575293/,,Reddit,64.0,1m3t6nw,gamingnews,1752921834.0,101.0,,
Soulframe | TennoCon 2025 Preludes Spotlight,https://www.youtube.com/watch?v=LufEwRrZHdM,,Reddit,4.0,1m476ym,gamingnews,1752959534.0,3.0,,
"Ubisoft claims microtransactions help players ""experience more fun""",https://www.gamesradar.com/games/ubisoft-claims-microtransactions-help-players-experience-more-fun/,,Reddit,500.0,1m3ati4,gamingnews,1752865079.0,258.0,,
Diner Tycoon heads to Fortnite to inspire teens to drink milk,https://esportsinsider.com/2025/07/diner-tycoon-heads-to-fortnite-to-inspire-teens-to-drink-milk,,Reddit,4.0,1m3xz2g,gamingnews,1752936323.0,3.0,,
"Microsoft suddenly kills its movies and TV store on Xbox and Windows | You‚Äôll still be able to access content you already own, but you won‚Äôt be able to buy new movies or TV shows.",https://www.theverge.com/news/709737/microsoft-movies-tv-store-closure-xbox-windows,,Reddit,186.0,1m36h1q,gamingnews,1752855049.0,117.0,,
"FBC: Firebreak team acknowledges onboarding frustrations, assuring things will change",https://www.eurogamer.net/fbc-firebreak-team-acknowledges-onboarding-frustrations-assuring-things-will-change,,Reddit,8.0,1m3r9jv,gamingnews,1752914137.0,7.0,,
Elden Ring Nightreign Adds Four Everdark Sovereigns on July 31st,https://gamingbolt.com/elden-ring-nightreign-adds-four-everdark-sovereigns-on-july-31st,,Reddit,2.0,1m3yvbr,gamingnews,1752938600.0,1.0,,
Tomb Raider composer jailed for 16 months after being found guilty of fraud,https://www.eurogamer.net/tomb-raider-composer-jailed-for-16-months-after-being-found-guilty-of-fraud,,Reddit,29.0,1m34yoa,gamingnews,1752851579.0,3.0,,
"ICO, Shadow of The Colossus director praises Katamari Damacy creator‚Äôs new game for not being mechanics-based. ‚ÄúThe age of gameplay mechanics has already passed‚Äù",https://automaton-media.com/en/news/ico-shadow-of-the-colossus-director-praises-katamari-damacy-creators-new-game-for-not-being-mechanics-based-the-age-of-gameplay-mechanics-has-already-passed/,,Reddit,2.0,1m3po1e,gamingnews,1752907996.0,26.0,,
"Ghost of Yotei is an open-world game, ""but there's still a linear story structure"" as Sucker Punch wanted to make sure protagonist Atsu's journey ""tears at the heartstrings""",https://www.gamesradar.com/games/open-world/ghost-of-yotei-is-an-open-world-game-but-theres-still-a-linear-story-structure-as-sucker-punch-wanted-to-make-sure-protagonist-atsus-journey-tears-at-the-heartstrings/,,Reddit,0.0,1m3tdws,gamingnews,1752922600.0,6.0,,
"Battlefield 6 Confirmed: Official Name Leaks as Influencer Accidentally Shares Promo Case, Reveal Soon",https://thegamepost.com/battlefield-6-confirmed-official-name-leaks-promo-case-reveal/,,Reddit,0.0,1m3t6wn,gamingnews,1752921862.0,10.0,,
"Silent Hill creator is conscious of his age and wants to ""pass the baton on to the next generation,"" but the horror icon's got at least one more game up his sleeve | Keiichiro Toyama says his next game is already in development",https://www.gamesradar.com/games/horror/silent-hill-creator-is-conscious-of-his-age-and-wants-to-pass-the-baton-on-to-the-next-generation-but-the-horror-icons-got-at-least-one-more-game-up-his-sleeve/,,Reddit,62.0,1m2ukcq,gamingnews,1752818586.0,13.0,,
The Real-Life Fungi That Inspired Mycopunk Explained,https://gamerant.com/real-life-fungi-inspired-mycopunk-explained/,,Reddit,4.0,1m38ckw,gamingnews,1752859360.0,1.0,,
"Valve boss Gabe Newell shares his ""daily routine,"" which is shockingly like his Steam God persona: ""I get up, I work, I go scuba diving, work some more"" then ""go on a second scuba dive or I go to the gym""",https://www.gamesradar.com/games/valve-boss-gabe-newell-shares-his-daily-routine-which-is-shockingly-like-his-steam-god-persona-i-get-up-i-work-i-go-scuba-diving-work-some-more-then-go-on-a-second-scuba-dive-or-i-go-to-the-gym/,,Reddit,161.0,1m2j4iz,gamingnews,1752785803.0,55.0,,
"GTA 6 Hits 60 FPS on PS5 Pro with Sony‚Äôs Help, Insider Claims",https://clawsomegamer.com/gta-6-hits-60-fps-on-ps5-pro-with-sonys-help-insider-claims/,,Reddit,0.0,1m3sysv,gamingnews,1752920994.0,11.0,,
Roblox will require a facial scan or government ID to have unfiltered chats | Teens will have to prove they are older than 13 to make ‚ÄôTrusted Connections‚Äô they can chat more freely with.,https://www.theverge.com/news/708670/roblox-trusted-connections-age-estimation-privacy,,Reddit,121.0,1m2fxsu,gamingnews,1752778375.0,41.0,,
Stunning city builder set on a dinosaur is like a Studio Ghibli Cities Skylines,https://www.pcgamesn.com/the-wandering-village/steam-launch,,Reddit,4.0,1m2zf6r,gamingnews,1752836859.0,5.0,,
Ubisoft Confirms a New First-Person Ghost Recon Game is in Development,https://insider-gaming.com/new-ghost-recon-game-in-development/,,Reddit,0.0,1m3i27t,gamingnews,1752883401.0,12.0,,
"Another corpse to the pile. Scrutator Tenebris Steam page is released. It's a detective indie horror with medical sim elements, where you play as a pathologist in a dark, forgotten village, examining bodies and chasing answers that may be better left buried. What do you say?",https://www.reddit.com/gallery/1m2xk7q,,Reddit,3.0,1m2xk7q,gamingnews,1752830122.0,3.0,,
"Weekly /r/Games Discussion - What have you been playing, and what are your thoughts? - July 20, 2025",https://www.reddit.com/r/Games/comments/1m4kbki/weekly_rgames_discussion_what_have_you_been/,,Reddit,0.0,1m4kbki,Games,1753002088.0,8.0,,
"Indie Sunday Hub - July 20, 2025",https://www.reddit.com/r/Games/comments/1m4fhth/indie_sunday_hub_july_20_2025/,,Reddit,3.0,1m4fhth,Games,1752984063.0,0.0,,
Group Behind Steam Censorship Policies Have Powerful Allies ‚Äî And Targeted Popular Games With Outlandish Claims - Vice,https://www.vice.com/en/article/group-behind-steam-censorship-policies-have-powerful-allies-and-targeted-popular-games-with-outlandish-claims/,,Reddit,2052.0,1m4a768,Games,1752967729.0,278.0,,
Ubisoft‚Äôs CEO fights back against Stop Killing Games initiative - Dexerto,https://www.dexerto.com/gaming/ubisofts-ceo-fights-back-against-stop-killing-games-initiative-3228267/,,Reddit,1398.0,1m46y4x,Games,1752958884.0,414.0,,
Void Stranger : A Game for Lunatics,https://www.youtube.com/watch?v=-lRev4qQLyw,,Reddit,190.0,1m49cp5,Games,1752965371.0,45.0,,
TennoCon 2025 | The Old Peace | Official Trailer,https://www.youtube.com/watch?v=bfoypaVNGuU,,Reddit,200.0,1m47ykw,Games,1752961566.0,92.0,,
FromSoftware reportedly has another unannounced game that ‚Äòcould release next year‚Äô,https://www.videogameschronicle.com/news/fromsoftware-reportedly-has-another-unannounced-game-that-could-release-next-year/,,Reddit,1149.0,1m3u6ei,Games,1752925338.0,591.0,,
Offbrand Games Secret Sauce Showcase - 40 new indie game trailers!,https://youtu.be/rkAY-R_v4sY?si=UGVcy1hE_WqHNaz1,,Reddit,43.0,1m4gm2k,Games,1752987945.0,2.0,,
"SECTOR ZERO - Ondrej Angelovic - Portal & Half-Life inspired physics-based puzzle game, where you play as a small alien living inside a drifting asteroid. Your quiet life is shattered when human mining operations begin invading your home.",https://www.reddit.com/r/Games/comments/1m4l9bp/sector_zero_ondrej_angelovic_portal_halflife/,,Reddit,16.0,1m4l9bp,Games,1753005766.0,2.0,,
Razer rolls out official Pok√©mon PC gaming accessories,https://www.ign.com/articles/razer-rolls-out-official-pokmon-pc-gaming-accessories,,Reddit,395.0,1m3zz90,Games,1752941369.0,161.0,,
"Soulframe's leads don't know if it'll survive the brutal live service market, so they're betting big on a community-first approach",https://www.eurogamer.net/soulframes-leads-dont-know-if-itll-survive-the-brutal-live-service-market-so-theyre-betting-big-on-a-community-first-approach,,Reddit,287.0,1m41e4n,Games,1752944885.0,115.0,,
Ready or Not Sells 1 Million Units on Console in Under 4 Days,https://insider-gaming.com/ready-or-not-1-million-consoles/,,Reddit,271.0,1m3zr21,Games,1752940812.0,95.0,,
"Battlefield 6 Will be Revealed on July 29th During a 3-Day Event, It‚Äôs Claimed",https://insider-gaming.com/battlefield-6-revealed/,,Reddit,319.0,1m3y702,Games,1752936896.0,108.0,,
TennoCon 2025 | The Old Peace - The Devil's Triad Reveal,https://www.youtube.com/watch?v=JvtNg1pM2oc,,Reddit,76.0,1m482bo,Games,1752961836.0,25.0,,
Soulframe: Preludes access is now instantly available for all people who sign up during Tennocon,https://www.soulframe.com/en,,Reddit,153.0,1m402yg,Games,1752941629.0,35.0,,
Hungry Horrors ‚Äì Clumsy Bear Studio ‚Äì Deckbuilding adventure through British & Irish folklore,https://www.reddit.com/r/Games/comments/1m4jfx8/hungry_horrors_clumsy_bear_studio_deckbuilding/,,Reddit,8.0,1m4jfx8,Games,1752998557.0,0.0,,
Back To The Dawn - Spiral Up Games - A Prison Escape Pixel Art RPG,https://www.reddit.com/r/Games/comments/1m4imyv/back_to_the_dawn_spiral_up_games_a_prison_escape/,,Reddit,10.0,1m4imyv,Games,1752995406.0,1.0,,
TennoCon 2025 | The Old Peace | Full 23-minute Gameplay Demo,https://www.youtube.com/watch?v=1_5EKoz6-78,,Reddit,15.0,1m4eyit,Games,1752982259.0,8.0,,
Mandated Fate - Tetrarchy Studios - A story-driven game set in a retro-futuristic world run by a technocratic regime. Play as an inspector uncovering truths that the government wants to keep buried.,https://www.reddit.com/r/Games/comments/1m4g5oh/mandated_fate_tetrarchy_studios_a_storydriven/,,Reddit,9.0,1m4g5oh,Games,1752986344.0,0.0,,
"Echoes of the Stars - Alchimia Studios- Our Hand-Painted, Story-Driven, 2D Action RPG",https://www.reddit.com/r/Games/comments/1m4gjjw/echoes_of_the_stars_alchimia_studios_our/,,Reddit,7.0,1m4gjjw,Games,1752987689.0,0.0,,
"Battle Charge - LavGames - A medieval tactical action RPG with RTS elements where you command a small band of troops in gritty, small-scale battles.",https://www.reddit.com/r/Games/comments/1m4g8dx/battle_charge_lavgames_a_medieval_tactical_action/,,Reddit,8.0,1m4g8dx,Games,1752986604.0,0.0,,
Rhapsody: A Musical Adventure [Retrospective] | For Those Who Love Love,https://youtu.be/zDqF67a04r0,,Reddit,13.0,1m4ahg7,Games,1752968512.0,0.0,,
"Digital Foundry: Switch 2 vs Steam Deck OLED: Handheld/Docked Gaming, Battery Life, Display Comparison + More",https://www.youtube.com/watch?v=wJXMNsNZtFU,,Reddit,74.0,1m3xtgo,Games,1752935927.0,88.0,,
Chipmatic - Molter Games - Mining/Automation Pixel Art Cozy Sim,https://www.reddit.com/r/Games/comments/1m4kugf/chipmatic_molter_games_miningautomation_pixel_art/,,Reddit,3.0,1m4kugf,Games,1753004188.0,0.0,,
"Tech Support and Basic Questions Thread - July 19, 2025",https://www.reddit.com/r/pcgaming/comments/1m3nsy0/tech_support_and_basic_questions_thread_july_19/,,Reddit,0.0,1m3nsy0,pcgaming,1752901254.0,2.0,,
"Weekly Game Suggestions Thread - July 18, 2025",https://www.reddit.com/r/pcgaming/comments/1m2sed1/weekly_game_suggestions_thread_july_18_2025/,,Reddit,2.0,1m2sed1,pcgaming,1752811261.0,2.0,,
Ubisoft Says Microtransactions 'Make the Player Experience More Fun',https://gamerant.com/ubisoft-microtransactions-comment/,,Reddit,1387.0,1m401wb,pcgaming,1752941555.0,282.0,,
Ubisoft CEO Thinks Star Wars Outlaws Failed Because ‚ÄòThe Brand‚Äô Was Less Popular,https://insider-gaming.com/ubisoft-ceo-star-wars-outlaws-failed-brand-less-popular/,,Reddit,1823.0,1m3viyu,pcgaming,1752929589.0,402.0,,
EXCLUSIVE ‚Äì Battlefield 6 Reveal Will be July 31st in ‚ÄòCOD Next‚Äô Style Event,https://insider-gaming.com/battlefield-6-reveal-event/,,Reddit,224.0,1m46g2b,pcgaming,1752957562.0,72.0,,
Close Friend of 3 years went offline with no word  - Rant,https://www.reddit.com/r/pcgaming/comments/1m3n7yt/close_friend_of_3_years_went_offline_with_no_word/,,Reddit,1831.0,1m3n7yt,pcgaming,1752899271.0,180.0,,
Soulframe NEW 30 Minute Gameplay Demo | TennoCon 2025,https://youtu.be/0Fb3UbY0c_0?si=Ab1me8eUmzBQH0KV,,Reddit,101.0,1m41n2g,pcgaming,1752945501.0,33.0,,
"Weekend PC Game Deals: Automation fests, Civilization for free, charity specials, and more",https://www.neowin.net/news/weekend-pc-game-deals-automation-fests-civilization-for-free-charity-specials-and-more/,,Reddit,143.0,1m3uq46,pcgaming,1752927128.0,15.0,,
"PC Gamer: With Steam launch concurrents at an all-time low for Destiny 2's latest expansion, I think Bungie is finally paying the price for years of mistakes‚Äîthe biggest being the time it removed paid content",https://www.pcgamer.com/games/fps/with-steam-launch-concurrents-at-an-all-time-low-for-destiny-2s-latest-expansion-i-think-bungie-is-finally-paying-the-price-for-years-of-mistakes-the-biggest-being-the-time-it-removed-paid-content/,,Reddit,2288.0,1m36dtg,pcgaming,1752854838.0,354.0,,
Update: Valve reveals that they were recently notified that certain games on Steam may violate the rules and standards set forth by payment processors. They are directly notifying developers of these games and issuing app credits,https://www.gamingonlinux.com/2025/07/valve-gets-pressured-by-payment-processors-with-a-new-rule-for-game-devs-and-various-adult-games-removed/,,Reddit,2643.0,1m322aq,pcgaming,1752844557.0,473.0,,
The End of the Sun: Prologue Available now on Steam for FREE! Story-driven adventure set in the fantasy world creatd by tiny team,https://store.steampowered.com/app/3820900/The_End_of_the_Sun_Prologue/,,Reddit,8.0,1m40szd,pcgaming,1752943430.0,6.0,,
Best FSR 4 Upscaling Setting? - Quality vs Balanced vs Performance,https://www.youtube.com/watch?v=VL01X4LkvoI,,Reddit,12.0,1m3xyz3,pcgaming,1752936317.0,14.0,,
Echoes of the Architects - Commented Gameplay + Release Date Announcement Trailer,https://www.youtube.com/watch?v=684_SjsB-go,,Reddit,15.0,1m3vxut,pcgaming,1752930809.0,7.0,,
"DayZ creator's monster-hunting survival game gets major new DLC offering brutal endgame challenges with lavish loot: 'Survival games should be challenging, after all'",https://www.pcgamer.com/games/survival-crafting/dayz-creators-monster-hunting-survival-game-gets-major-new-dlc-offering-brutal-endgame-challenges-with-lavish-loot-survival-games-should-be-challenging-after-all/,,Reddit,127.0,1m3hiqz,pcgaming,1752881913.0,64.0,,
Microsoft kills Movies & TV storefront on Windows and Xbox ‚Äî here's what will happen to your purchased media,https://www.windowscentral.com/microsoft/microsoft-kills-movies-and-tv-storefront-on-windows-and-xbox-heres-what-will-happen-to-your-purchased-media,,Reddit,355.0,1m36a16,pcgaming,1752854594.0,84.0,,
Devil May Cry and Dragon‚Äôs Dogma producer to announce new action RPG by the end of the year,https://automaton-media.com/en/news/devil-may-cry-and-dragons-dogma-producer-to-announce-new-action-rpg-by-the-end-of-the-year/,,Reddit,96.0,1m3fxvg,pcgaming,1752877689.0,12.0,,
FromSoftware reportedly in advanced development on an unannounced project alongside The Duskbloods,https://www.eurogamer.net/fromsoftware-reportedly-in-advanced-development-on-an-unannounced-project-alongside-the-duskbloods,,Reddit,408.0,1m32k65,pcgaming,1752845854.0,143.0,,
Darkest Hour - Italy Expansion Release Trailer,https://youtu.be/Lbk7gSZIYrw,,Reddit,54.0,1m3g4rp,pcgaming,1752878192.0,6.0,,
"Gabe Newell's daily routine is 'get up, work, go scuba diving,' says he's been 'retired for a long time' but works 7 days a week: 'The things I get to do every day are super-awesome'",https://www.pcgamer.com/gaming-industry/gabe-newells-daily-routine-is-get-up-work-go-scuba-diving-says-hes-been-retired-for-a-long-time-but-works-7-days-a-week-the-things-i-get-to-do-every-day-are-super-awesome/,,Reddit,3922.0,1m2exbz,pcgaming,1752776064.0,290.0,,
Where are the top 1% Competitive Gamers with a ‚Äûnormal‚Äú Job and a Life and how did you do it?,https://www.reddit.com/r/pcgaming/comments/1m4grs6/where_are_the_top_1_competitive_gamers_with_a/,,Reddit,0.0,1m4grs6,pcgaming,1752988521.0,19.0,,
Cyberpunk 2077 Update 2.3 Patch Notes,http://www.cyberpunk.net/en/news/51674/update-2-3-patch-notes,,Reddit,486.0,1m2s0ha,pcgaming,1752810046.0,127.0,,
Updates About ENDLESS Legend 2 (Early Access Delayed to September 22nd),https://store.steampowered.com/news/app/3407390/view/527600687561834552,,Reddit,84.0,1m2zxbo,pcgaming,1752838485.0,9.0,,
"We made a prison break RPG - Back to the Dawn, which transitioned from early access to full release today. AMA! üî•",https://www.reddit.com/r/pcgaming/comments/1m31r83/we_made_a_prison_break_rpg_back_to_the_dawn_which/,,Reddit,29.0,1m31r83,pcgaming,1752843764.0,63.0,,
Simple Questions Sunday!,https://www.reddit.com/r/gaming/comments/1m4hiie/simple_questions_sunday/,,Reddit,0.0,1m4hiie,gaming,1752991221.0,3.0,,
"Ubisoft CEO addresses Stop Killing Games after overseeing the deaths of The Crew and XDefiant: ""Support for all games cannot last forever""",https://www.yahoo.com/news/ubisoft-ceo-addresses-stop-killing-211258383.html,,Reddit,6858.0,1m4djz3,gaming,1752977780.0,1077.0,,
Group Behind Steam Censorship Policies Have Powerful Allies ‚Äî And Targeted Popular Games With Outlandish Claims,https://www.vice.com/en/article/group-behind-steam-censorship-policies-have-powerful-allies-and-targeted-popular-games-with-outlandish-claims/?utm_source=reddit.com,,Reddit,5155.0,1m4c5es,gaming,1752973453.0,601.0,,
Nintendo's Palworld Lawsuit Gets A Surprise Official Update,https://screenrant.com/nintendo-palworld-lawsuit-update-pantents/,,Reddit,1714.0,1m4hz5h,gaming,1752992951.0,286.0,,
‚ÄúIt‚Äôs a security hole that endangers democracy itself.‚Äù NieR creator speaks out against payment processors pressuring Japanese adult content platforms¬† - AUTOMATON WEST,https://automaton-media.com/en/news/nier-creator-speaks-out-against-payment-processors-pressuring-japanese-adult-content-platforms/,,Reddit,331.0,1m4lh3p,gaming,1753006586.0,20.0,,
Ubisoft Thinks Microtransactions Make Premium Games More Fun,https://wccftech.com/ubisoft-microtransactions-make-games-more-fun/,,Reddit,98.0,1m4kn0i,gaming,1753003377.0,70.0,,
Got this over a month early,https://i.redd.it/1otkc6hg6vdf1.jpeg,,Reddit,1523.0,1m41kp5,gaming,1752945335.0,90.0,,
Tony Hawk's Pro Skater,https://i.redd.it/yayb6kkizwdf1.jpeg,,Reddit,496.0,1m4a0nf,gaming,1752967209.0,83.0,,
Samus Aran [Super Metroid] ‚ù§Ô∏èüåπ‚ö°,https://i.redd.it/asr2gpcea0ef1.jpeg,,Reddit,51.0,1m4lmor,gaming,1753007191.0,7.0,,
Dishonored 1 is a top 5 game of the 2010s,https://www.reddit.com/r/gaming/comments/1m4670c/dishonored_1_is_a_top_5_game_of_the_2010s/,,Reddit,447.0,1m4670c,gaming,1752956902.0,134.0,,
"Is Donkey Kong Bananza one of those games that's easy to beat, but more of a challenge to 100 percent?",https://www.reddit.com/r/gaming/comments/1m4fme4/is_donkey_kong_bananza_one_of_those_games_thats/,,Reddit,97.0,1m4fme4,gaming,1752984489.0,95.0,,
"After 5 years in development, the Assassin‚Äôs Creed TV series is happening",https://arstechnica.com/gaming/2025/07/netflix-green-lights-live-action-assassins-creed-tv-series/,,Reddit,720.0,1m3w4qs,gaming,1752931354.0,163.0,,
I had a great setup as a kid in '90,https://i.redd.it/owhpq5150vdf1.jpeg,,Reddit,378.0,1m40qrz,gaming,1752943275.0,50.0,,
"StarPeace/Legacy Online, a MMO city building and economic simulator from the early aughts",https://i.redd.it/3mw1lblmsxdf1.jpeg,,Reddit,49.0,1m4e52u,gaming,1752979620.0,17.0,,
Found my Pok√©mon Game Collection,https://i.redd.it/jeupcosj1tdf1.jpeg,,Reddit,800.0,1m3skx1,gaming,1752919467.0,73.0,,
What mobile game will get me through Night Shifts?,https://www.reddit.com/r/gaming/comments/1m3tvnj/what_mobile_game_will_get_me_through_night_shifts/,,Reddit,621.0,1m3tvnj,gaming,1752924330.0,626.0,,
"Hey, Squaresoft, remake Bushido Blade already!",https://www.reddit.com/r/gaming/comments/1m4fo2g/hey_squaresoft_remake_bushido_blade_already/,,Reddit,28.0,1m4fo2g,gaming,1752984643.0,35.0,,
Xbox 360 & PS3 Gaming Era,https://www.reddit.com/r/gaming/comments/1m4b5vg/xbox_360_ps3_gaming_era/,,Reddit,59.0,1m4b5vg,gaming,1752970467.0,287.0,,
Sucker Punch possibly wants Infamous Trilogy on PS5,https://www.pushsquare.com/news/2025/07/sucker-punch-would-love-an-infamous-trilogy-on-ps5,,Reddit,1118.0,1m3mkts,gaming,1752897170.0,153.0,,
Honest weapon descriptions,https://i.redd.it/coah2enaaodf1.jpeg,,Reddit,7189.0,1m39ga2,gaming,1752861896.0,158.0,,
"What's your all-time favourite, most goosebump-inducing video game theme song of all time?",https://www.reddit.com/r/gaming/comments/1m426fi/whats_your_alltime_favourite_most/,,Reddit,68.0,1m426fi,gaming,1752946822.0,242.0,,
Microsoft will no longer sell movies or TV shows on PCs or Xbox ‚Äî what happens to the stuff you bought,https://www.tomsguide.com/entertainment/streaming/microsoft-will-no-longer-sell-movies-or-tv-shows-on-pcs-or-xbox-what-happens-to-the-stuff-you-bought,,Reddit,2005.0,1m3gfej,gaming,1752878984.0,320.0,,
How Many Games are you Actively Playing,https://www.reddit.com/r/gaming/comments/1m3t8rr/how_many_games_are_you_actively_playing/,,Reddit,180.0,1m3t8rr,gaming,1752922066.0,481.0,,
"PS5 Help and Questions Megathread | Game Recommendations, Simple Questions, and Tech Support",https://www.reddit.com/r/PS5/comments/1h4tety/ps5_help_and_questions_megathread_game/,,Reddit,129.0,1h4tety,PS5,1733140942.0,12492.0,,
Ghost of Y≈çtei - State of Play Gameplay Deep Dive | PS5 Games,https://www.youtube.com/watch?v=cgM6poO2JmY,,Reddit,3987.0,1lwmlmw,PS5,1752177692.0,2210.0,,
"Metaphor: ReFantazio is on sale & I was thinking of buying it. How do you feel about it, almost a year out from release?",https://www.reddit.com/r/PS5/comments/1m43qvu/metaphor_refantazio_is_on_sale_i_was_thinking_of/,,Reddit,197.0,1m43qvu,PS5,1752950751.0,201.0,,
Wuchang: Fallen Feathers graphics settings listed for PS5 and PS5 Pro,https://www.reddit.com/r/PS5/comments/1m3vlnw/wuchang_fallen_feathers_graphics_settings_listed/,,Reddit,218.0,1m3vlnw,PS5,1752929821.0,93.0,,
[ RUMOR] Battlefield 6 reveal during 3 day EA event on July 29th,https://www.reddit.com/r/PS5/comments/1m3vkau/rumor_battlefield_6_reveal_during_3_day_ea_event/,,Reddit,196.0,1m3vkau,PS5,1752929703.0,64.0,,
Code Violet will get a new trailer and release date next week,https://xcancel.com/TeamKillMedia/status/1946698068830691398,,Reddit,25.0,1m48v7q,PS5,1752964014.0,3.0,,
PS VR2. Worth buying in 2025?,https://www.reddit.com/r/PS5/comments/1m44o3n/ps_vr2_worth_buying_in_2025/,,Reddit,36.0,1m44o3n,PS5,1752953049.0,116.0,,
Neon Inferno - Official Gameplay Trailer | Secret Sauce Showcase 2025,https://youtu.be/Pzbr6hrph-E?si=BxKap60x0SppNmIg,,Reddit,20.0,1m46xfa,PS5,1752958841.0,6.0,,
Warframe - TennoCon 2025: The Old Peace Trailer | PS5 & PS4 Games,https://youtu.be/yQp5_Pd5wxk?si=1hNSIzW2nRz1ZcpS,,Reddit,8.0,1m4cdhe,PS5,1752974140.0,2.0,,
"12 years later, Grand Theft Auto V has been cleared for release in Saudi Arabia | VGC",https://www.videogameschronicle.com/news/12-years-later-grand-theft-auto-v-has-been-cleared-for-release-in-saudi-arabia/,,Reddit,1022.0,1m342md,PS5,1752849518.0,43.0,,
"Rematch director doesn't want to make ""$50-100 million"" games, ""because that's what the big studios do"" and all it does is limit the studio's creative freedom",https://www.gamesradar.com/games/sports/rematch-director-doesnt-want-to-make-usd50-100-million-games-because-thats-what-the-big-studios-do-and-all-it-does-is-limit-the-studios-creative-freedom/,,Reddit,354.0,1m325n4,PS5,1752844805.0,35.0,,
FBC: Firebreak - What is next for FBC: Firebreak,https://store.steampowered.com/news/app/2272540/view/536607976683733002,,Reddit,147.0,1m3265u,PS5,1752844844.0,69.0,,
Warlander servers to close in January 2026,https://store.steampowered.com/news/app/1675900/view/601909716088520897,,Reddit,29.0,1m3akwh,PS5,1752864519.0,6.0,,
Free ghost of tsushima psn avatars,/r/ghostoftsushima/comments/1m32pmi/free_psn_avatars/,,Reddit,60.0,1m32shl,PS5,1752846439.0,4.0,,
Dying Light: The Beast - Visit Castor Woods with Bober the Beaver | PS5 Games,https://youtu.be/w_-o3syhpUU?si=w68LonEZToDwwnG8,,Reddit,23.0,1m382xc,PS5,1752858765.0,5.0,,
"GTA 6 will earn $7.6bn in two months and be the ""largest gaming release of all time"", investment firm predicts",https://www.eurogamer.net/gta-6-will-earn-76bn-in-two-months-and-be-the-largest-gaming-release-of-all-time-investment-firm-predicts,,Reddit,822.0,1m2jakc,PS5,1752786190.0,253.0,,
"This sub has moved to r/Xbox, join us there for all your Xbox content and discussion!",https://www.reddit.com/r/XboxSeriesX/comments/1d5lf25/this_sub_has_moved_to_rxbox_join_us_there_for_all/,,Reddit,0.0,1d5lf25,XboxSeriesX,1717243245.0,0.0,,
Senua's Saga: Hellblade II - Official Launch Trailer (ft. Animal Soul by AURORA),https://www.youtube.com/watch?v=PRbOmIcVXak,,Reddit,701.0,1cwf0j0,XboxSeriesX,1716210063.0,357.0,,
"Take-Two CEO is highly confident in GTA 6's Fall 2025 release window but knows ""slippage"" can happen",https://x.com/shinobi602/status/1792565323234742470,,Reddit,374.0,1cwisks,XboxSeriesX,1716220129.0,84.0,,
Hypercharge: Unboxed Dev Reveals FPS & Resolution Targets For Xbox,https://www.purexbox.com/news/2024/05/hypercharge-unboxed-dev-reveals-fps-and-resolution-targets-for-xbox,,Reddit,253.0,1cweosl,XboxSeriesX,1716209096.0,72.0,,
Overview of the accessibility settings available in Senua‚Äôs Saga: Hellblade II,https://x.com/NinjaTheory/status/1792571130651312154,,Reddit,150.0,1cwhsyn,XboxSeriesX,1716217603.0,48.0,,
"MultiVersus adds The Matrix's Agent Smith, Jason Voorhees",https://www.eurogamer.net/multiversus-adds-the-matrixs-agent-smith-jason-voorhees,,Reddit,133.0,1cwhi9r,XboxSeriesX,1716216846.0,19.0,,
The Wanderers ‚Äì The Team Behind Senua‚Äôs Saga: Hellblade II‚Äôs Incredible Landscapes,https://news.xbox.com/en-us/2024/05/20/hellblade-2-environmental-design-inspired-by-iceland/,,Reddit,115.0,1cwgbyg,XboxSeriesX,1716213699.0,6.0,,
Trading in the Series S for the Series X,https://www.reddit.com/r/XboxSeriesX/comments/1cwckme/trading_in_the_series_s_for_the_series_x/,,Reddit,112.0,1cwckme,XboxSeriesX,1716202033.0,83.0,,
"Why Headphones Are So Important For #SenuasSaga Hellblade II according to Ninja Theory Audio Director David Garcia

",https://youtube.com/shorts/nTek6v64bG4,,Reddit,172.0,1cw76ub,XboxSeriesX,1716179649.0,91.0,,
"Looking Back in Xbox History - ""The Kinect is officially dead, as Microsoft stops manufacturing the accessory""",https://reddit.com/r/xboxone/comments/78nfa8/the_kinect_is_officially_dead_as_microsoft_stops/,,Reddit,733.0,1cvp01b,XboxSeriesX,1716127392.0,181.0,,
What do you think about the visual style (not layout) of the current Xbox Dashboard?,https://i.redd.it/9683lv309e1d1.jpeg,,Reddit,608.0,1cvplnk,XboxSeriesX,1716129133.0,308.0,,
What are some games where I can be heroic and sacrifice myself to get the win like Helldivers 2 or at least make a last stand and look badass as hell like DOOM?,https://www.reddit.com/r/XboxSeriesX/comments/1cw4c6x/what_are_some_games_where_i_can_be_heroic_and/,,Reddit,53.0,1cw4c6x,XboxSeriesX,1716170054.0,65.0,,
HELLBLADE 2 looks SUPER PHOTOREALISTIC in Unreal Engine 5.4 Tech Demo | INSANE GRAPHICS in Real Time,https://www.youtube.com/watch?v=eTS0QRSjTJs,,Reddit,281.0,1cvowns,XboxSeriesX,1716127145.0,142.0,,
Neptunia: Sisters VS Sisters,https://ifi.games/neptunia-sisters/,,Reddit,40.0,1cw31h9,XboxSeriesX,1716165929.0,9.0,,
"20 years after quitting Bethesda, veteran Morrowind dev returns to the funky RPG to create new mods",https://www.gamesradar.com/games/the-elder-scrolls/20-years-after-quitting-bethesda-veteran-morrowind-dev-returns-to-the-funky-rpg-to-create-new-mods/,,Reddit,200.0,1cvm15z,XboxSeriesX,1716117724.0,19.0,,
"Black Myth: WuKong - Official WeGame Event Trailer
",https://www.youtube.com/watch?v=F6yfej-uzYI,,Reddit,112.0,1cvotx5,XboxSeriesX,1716126916.0,51.0,,
"Predecessor's new game mode, Brawl releasing next week!",https://m.youtube.com/watch?v=cAQCGO2-Dm4&feature=youtu.be,,Reddit,36.0,1cvu7g2,XboxSeriesX,1716141630.0,4.0,,
Dredge is now Play Anywhere for anyone who has a PC/ROG Ally,https://www.reddit.com/r/XboxSeriesX/comments/1cvhlua/dredge_is_now_play_anywhere_for_anyone_who_has_a/,,Reddit,166.0,1cvhlua,XboxSeriesX,1716099126.0,31.0,,
My new Elite Controller,https://www.reddit.com/gallery/1cvf6lu,,Reddit,244.0,1cvf6lu,XboxSeriesX,1716090184.0,59.0,,
Just got a Series X and wow!,https://www.reddit.com/r/XboxSeriesX/comments/1cv983c/just_got_a_series_x_and_wow/,,Reddit,596.0,1cv983c,XboxSeriesX,1716071719.0,259.0,,
Opinions on Sunset Overdrive?,https://www.reddit.com/r/XboxSeriesX/comments/1cveup3/opinions_on_sunset_overdrive/,,Reddit,133.0,1cveup3,XboxSeriesX,1716089057.0,165.0,,
Good games for socializing and making new friends on Xbox!,https://www.reddit.com/r/XboxSeriesX/comments/1cvk48d/good_games_for_socializing_and_making_new_friends/,,Reddit,25.0,1cvk48d,XboxSeriesX,1716109676.0,57.0,,
How do you think the next Xbox console will utilize AI?,https://www.reddit.com/r/XboxSeriesX/comments/1cwgv34/how_do_you_think_the_next_xbox_console_will/,,Reddit,0.0,1cwgv34,XboxSeriesX,1716215109.0,71.0,,
This is getting ridiculous,https://i.redd.it/xbxfhlikt71d1.jpeg,,Reddit,422.0,1cv1oo2,XboxSeriesX,1716051302.0,146.0,,
So what happened with leaked xbox controller that supposed to launch in may 2024,https://www.reddit.com/r/XboxSeriesX/comments/1cv5ymf/so_what_happened_with_leaked_xbox_controller_that/,,Reddit,164.0,1cv5ymf,XboxSeriesX,1716062700.0,114.0,,
/r/Nintendo stands against transphobia in all forms,https://www.reddit.com/r/nintendo/comments/1m1ykya/rnintendo_stands_against_transphobia_in_all_forms/,,Reddit,8282.0,1m1ykya,nintendo,1752727851.0,606.0,,
smile sunday - going bananas!,https://www.reddit.com/r/nintendo/comments/1m4fx5x/smile_sunday_going_bananas/,,Reddit,3.0,1m4fx5x,nintendo,1752985517.0,4.0,,
"Nintendo Employee Data reveals low turnover rate, long average employment period in and outside of Japan",https://gonintendo.com/contents/50924-nintendo-employee-data-reveals-low-turnover-rate-long-average-employment-period,,Reddit,800.0,1m4b6vc,nintendo,1752970551.0,74.0,,
Donkey Kong Bananza causing motion sickness...,https://www.reddit.com/r/nintendo/comments/1m42yr1/donkey_kong_bananza_causing_motion_sickness/,,Reddit,68.0,1m42yr1,nintendo,1752948784.0,104.0,,
My Omega Ruby Cartridge just gave up the ghost after i reset the save,https://www.reddit.com/r/nintendo/comments/1m4jarf/my_omega_ruby_cartridge_just_gave_up_the_ghost/,,Reddit,4.0,1m4jarf,nintendo,1752998016.0,3.0,,
"Donkey Kong Bananzas music is amazing and front of centre, why is Mario Kart Worlds music so faint and in the back ground?",https://www.reddit.com/r/nintendo/comments/1m3tqdy/donkey_kong_bananzas_music_is_amazing_and_front/,,Reddit,129.0,1m3tqdy,nintendo,1752923811.0,61.0,,
Donkey Kong Bananza,https://www.reddit.com/r/nintendo/comments/1m3wqhc/donkey_kong_bananza/,,Reddit,75.0,1m3wqhc,nintendo,1752933066.0,37.0,,
Donkey Kong Bananza 2 player mode,https://www.reddit.com/r/nintendo/comments/1m4jqvy/donkey_kong_bananza_2_player_mode/,,Reddit,1.0,1m4jqvy,nintendo,1752999794.0,2.0,,
On This Day in Nintendo History: Shaberu! DS Ory≈çri Navi,https://www.reddit.com/r/nintendo/comments/1m4ihlb/on_this_day_in_nintendo_history_shaberu_ds_ory≈çri/,,Reddit,1.0,1m4ihlb,nintendo,1752994873.0,0.0,,
Switch 2 HDR on Samsun TV,https://www.reddit.com/r/nintendo/comments/1m4gjfh/switch_2_hdr_on_samsun_tv/,,Reddit,0.0,1m4gjfh,nintendo,1752987679.0,1.0,,
Day 2 of DK Bananza,https://www.reddit.com/r/nintendo/comments/1m3hb1l/day_2_of_dk_bananza/,,Reddit,131.0,1m3hb1l,nintendo,1752881328.0,70.0,,
Debunking the ridiculous idea that just because Nintendo is a Japanese company they are anti-LGBT,https://www.reddit.com/r/nintendo/comments/1m2w59i/debunking_the_ridiculous_idea_that_just_because/,,Reddit,1524.0,1m2w59i,nintendo,1752824561.0,517.0,,
Super Mario 2 Underground musical inspiration: G√°bor Szab√≥'s Fire Dance,https://www.reddit.com/r/nintendo/comments/1m3v6bc/super_mario_2_underground_musical_inspiration/,,Reddit,4.0,1m3v6bc,nintendo,1752928534.0,3.0,,
On This Day in Nintendo History: Super Mario Sunshine; Pok√©mon Race mini; Super Smash Bros. amiibo,https://www.reddit.com/r/nintendo/comments/1m3psuj/on_this_day_in_nintendo_history_super_mario/,,Reddit,11.0,1m3psuj,nintendo,1752908488.0,0.0,,
Kingdom Hearts 358/2 Days: A DS Game About Fading Away,https://www.youtube.com/watch?v=DLqEZyvjsCA,,Reddit,0.0,1m4ftf9,nintendo,1752985156.0,0.0,,
Does someone remember the Nintendo kids website?,https://www.reddit.com/r/nintendo/comments/1m41ir0/does_someone_remember_the_nintendo_kids_website/,,Reddit,0.0,1m41ir0,nintendo,1752945205.0,0.0,,
The Direction of Future Nintendo Franchises (especially the ones that rely heavily on puzzles),https://www.reddit.com/r/nintendo/comments/1m3idi7/the_direction_of_future_nintendo_franchises/,,Reddit,18.0,1m3idi7,nintendo,1752884296.0,58.0,,
I strongly dislike the resell market for the 3DS,https://www.reddit.com/r/nintendo/comments/1m4fwhm/i_strongly_dislike_the_resell_market_for_the_3ds/,,Reddit,0.0,1m4fwhm,nintendo,1752985448.0,17.0,,
Switch 2 Sleep Mode Battery Drain,https://www.reddit.com/r/nintendo/comments/1m3e5vi/switch_2_sleep_mode_battery_drain/,,Reddit,18.0,1m3e5vi,nintendo,1752873175.0,27.0,,
"Now that Dk Bananza has been out for two days, has anybody had any little nitpicks about the game? I'd love to hear what everyone thinks!",https://www.reddit.com/r/nintendo/comments/1m4c5m4/now_that_dk_bananza_has_been_out_for_two_days_has/,,Reddit,0.0,1m4c5m4,nintendo,1752973470.0,59.0,,
Joy-Con Grip Travel Carrying Case?,https://www.reddit.com/r/nintendo/comments/1m3utak/joycon_grip_travel_carrying_case/,,Reddit,3.0,1m3utak,nintendo,1752927405.0,0.0,,
"Just  got my Nintendo 2, there good grips for it?",https://www.reddit.com/r/nintendo/comments/1m47ehp/just_got_my_nintendo_2_there_good_grips_for_it/,,Reddit,0.0,1m47ehp,nintendo,1752960067.0,1.0,,
"The Pipe Tour is wrapping up in #MarioKartTour. The Sunshine Tour, starting July 22, will feature an event to celebrate the Mario Kart‚Ñ¢ World game for the Nintendo Switch 2 system! Check the video for details.",https://www.youtube.com/watch?v=Bk7EhC-s5vI,,Reddit,31.0,1m34epx,nintendo,1752850305.0,7.0,,
One slight disappointment with DK: Bananza (MASSIVE ENDGAME/POSTGAME SPOILERS),https://www.reddit.com/r/nintendo/comments/1m45jnc/one_slight_disappointment_with_dk_bananza_massive/,,Reddit,0.0,1m45jnc,nintendo,1752955257.0,1.0,,
History of Donkey Kong,https://m.youtube.com/watch?v=W7U1dlkuFYk,,Reddit,0.0,1m44drp,nintendo,1752952334.0,2.0,,
Senior Artist,https://www.workwithindies.com/careers/coal-car-studio-senior-artist,,WorkWithIndies,,,,,,Coal Car Studio,PT ¬± 3 hours
Social & Community Manager (M/F),https://www.workwithindies.com/careers/embers-social-community-manager-m-f,,WorkWithIndies,,,,,,Embers,CEST ¬± 2h
Unity Programmer,https://www.workwithindies.com/careers/bionic-wombat-games-unity-programmer,,WorkWithIndies,,,,,,Bionic Wombat Games,ET ¬± 3 hours
Social Media & Community Manager,https://www.workwithindies.com/careers/singular-perception-social-media-community-manager,,WorkWithIndies,,,,,,Singular Perception,Anywhere
PAX West Booth Helper,https://www.workwithindies.com/careers/tilt-games-pax-west-booth-helper,,WorkWithIndies,,,,,,TILT Games,"Seattle, WA"
VFX & Technical Artist,https://www.workwithindies.com/careers/wickworks-vfx-technical-artist,,WorkWithIndies,,,,,,Wickworks,Anywhere
Scout,https://www.workwithindies.com/careers/beck-interactive-partners-scout,,WorkWithIndies,,,,,,Beck Interactive Partners,Anywhere
Social Media & Community Manager ,https://www.workwithindies.com/careers/roboto-games-social-media-community-manager,,WorkWithIndies,,,,,,Roboto Games,PT ¬± 4 hours
TikTok Creator,https://www.workwithindies.com/careers/forklift-interactive-tiktok-creator,,WorkWithIndies,,,,,,Forklift Interactive,EST or CET ¬± 3 hours
Senior Rendering Programmer,https://www.workwithindies.com/careers/ko-op-senior-rendering-programmer,,WorkWithIndies,,,,,,KO_OP,Anywhere
Lighting Artist (UE 5.5),https://www.workwithindies.com/careers/lunacy-studios-lighting-artist-ue-55,,WorkWithIndies,,,,,,Lunacy Studios,Anywhere
3D Artist,https://www.workwithindies.com/careers/berry-bite-3d-artist,,WorkWithIndies,,,,,,Berry Bite,Anywhere
PAX West 2025 Booth Assistant,https://www.workwithindies.com/careers/devin-santi-pax-west-2025-booth-assistant,,WorkWithIndies,,,,,,Devin Santi,"Seattle, WA"
Level Designer,https://www.workwithindies.com/careers/pretty-cool-games-level-designer,,WorkWithIndies,,,,,,Pretty Cool Games,UK & EU
Background Environment Artist,https://www.workwithindies.com/careers/tomisoft-background-environment-artist,,WorkWithIndies,,,,,,Tomisoft,Anywhere
Combat Designer,https://www.workwithindies.com/careers/nomadroid-combat-designer,,WorkWithIndies,,,,,,Nomadroid,Anywhere
Sci-Fi RPG Writer,https://www.workwithindies.com/careers/redshift-panda-sci-fi-rpg-writer,,WorkWithIndies,,,,,,Redshift Panda,Canada
Senior VFX Artist,https://www.workwithindies.com/careers/studio-drydock-senior-vfx-artist,,WorkWithIndies,,,,,,Studio Drydock,AEST ¬± 5 hours
Senior Audio Designer,https://www.workwithindies.com/careers/studio-drydock-senior-audio-designer,,WorkWithIndies,,,,,,Studio Drydock,AEST ¬± 5 hours
Associate Product Manager,https://www.workwithindies.com/careers/fellow-traveller-associate-product-manager,,WorkWithIndies,,,,,,Fellow Traveller,PT to ET timezones
Game Developer,https://www.workwithindies.com/careers/spriggans-grove-game-developer,,WorkWithIndies,,,,,,Spriggan's Grove,United States
Unreal Engine Generalist,https://www.workwithindies.com/careers/ironbelly-studios-unreal-engine-generalist,,WorkWithIndies,,,,,,Ironbelly Studios,"Montreal, QC"
Sr Unreal Gameplay Engineer,https://www.workwithindies.com/careers/ironbelly-studios-sr-unreal-gameplay-engineer,,WorkWithIndies,,,,,,Ironbelly Studios,"Montreal, QC"
UI / UX Designer,https://www.workwithindies.com/careers/ironbelly-studios-ui-ux-designer,,WorkWithIndies,,,,,,Ironbelly Studios,"Montreal, QC"
Marketing Director,https://www.workwithindies.com/careers/kluge-interactive-marketing-director,,WorkWithIndies,,,,,,Kluge Interactive,Anywhere
3D Modeler,https://www.workwithindies.com/careers/hooked-3d-modeler,,WorkWithIndies,,,,,,Hooked,Anywhere
Accounting & Financial Analyst,https://www.workwithindies.com/careers/serenity-forge-accounting-financial-analyst,,WorkWithIndies,,,,,,Serenity Forge,"Boulder, CO or Remote"
Artist (Freelance),https://www.workwithindies.com/careers/abe-wits-artist-freelance,,WorkWithIndies,,,,,,Abe Wits,Utrecht or Remote
Marketing & Community Coordinator,https://www.workwithindies.com/careers/classy-games-studios-marketing-community-coordinator,,WorkWithIndies,,,,,,Classy Games Studios,Anywhere
QA & Playtest Coordinator,https://www.workwithindies.com/careers/classy-games-studios-qa-playtest-coordinator,,WorkWithIndies,,,,,,Classy Games Studios,Anywhere
Gameplay Content Designer,https://www.workwithindies.com/careers/classy-games-studios-gameplay-content-designer,,WorkWithIndies,,,,,,Classy Games Studios,Anywhere
Generalist Gameplay Programmer,https://www.workwithindies.com/careers/classy-games-studios-generalist-gameplay-programmer,,WorkWithIndies,,,,,,Classy Games Studios,Anywhere
3D Artist Generalist,https://www.workwithindies.com/careers/classy-games-studios-3d-artist-generalist,,WorkWithIndies,,,,,,Classy Games Studios,Anywhere
Technical Director / Sr Principal Engineer,https://www.workwithindies.com/careers/jackbox-games-technical-director-sr-principal-engineer,,WorkWithIndies,,,,,,Jackbox Games,United States
Social Media Consultant,https://www.workwithindies.com/careers/armor-games-studios-social-media-consultant,,WorkWithIndies,,,,,,Armor Games Studios,Anywhere
Producer,https://www.workwithindies.com/careers/iam8bit-producer,,WorkWithIndies,,,,,,iam8bit,"Los Angeles, CA"
Principal Unreal Engineer,https://www.workwithindies.com/careers/qloud-games-principal-unreal-engineer,,WorkWithIndies,,,,,,Qloud Games,Anywhere
2D Game Designer,https://www.workwithindies.com/careers/serious-magic-2d-game-designer,,WorkWithIndies,,,,,,Serious Magic,United States
Technical Artist,https://www.workwithindies.com/careers/turn-me-up-games-technical-artist,,WorkWithIndies,,,,,,Turn Me Up Games,"Burbank, CA"
Game Producer (Mid/Senior),https://www.workwithindies.com/careers/kluge-interactive-game-producer-mid-senior,,WorkWithIndies,,,,,,Kluge Interactive,Anywhere
Community Marketing Manager,https://www.workwithindies.com/careers/chronicler-community-marketing-manager,,WorkWithIndies,,,,,,Chronicler,United States
Senior Back-End Engineer,https://www.workwithindies.com/careers/eleventh-hour-games-senior-back-end-engineer,,WorkWithIndies,,,,,,Eleventh Hour Games,Anywhere
Community & Social Media Manager,https://www.workwithindies.com/careers/omnimegasupercorp-community-social-media-manager,,WorkWithIndies,,,,,,OmniMegaSuperCorp,EST ¬± 2 hours
Indie Game Developer (Unreal),https://www.workwithindies.com/careers/higgs-studio-indie-game-developer-unreal,,WorkWithIndies,,,,,,Higgs Studio,Anywhere
Marketing Director,https://www.workwithindies.com/careers/funktronic-labs-marketing-director,,WorkWithIndies,,,,,,Funktronic Labs,"Pasadena, CA"
Sound Producer,https://www.workwithindies.com/careers/dominion-enterprises-sound-producer,,WorkWithIndies,,,,,,Dominion Enterprises,Anywhere
Technical Artist,https://www.workwithindies.com/careers/optillusion-games-technical-artist,,WorkWithIndies,,,,,,Optillusion Games,"Orange County, CA"
Level Designer (Unity 2D),https://www.workwithindies.com/careers/team-agenda-level-designer-unity-2d,,WorkWithIndies,,,,,,Team Agenda,Anywhere
Senior Unity Developer,https://www.workwithindies.com/careers/forklift-interactive-senior-unity-developer,,WorkWithIndies,,,,,,Forklift Interactive,CET ¬± 3 hours
3D Character Animator,https://www.workwithindies.com/careers/sindria-world-3d-character-animator,,WorkWithIndies,,,,,,Sindria World,Anywhere
Senior Artist (Principal),https://www.workwithindies.com/careers/league-of-geeks-senior-artist-principal,,WorkWithIndies,,,,,,League of Geeks,AEST ¬± 4 hours
Senior 2D Animator,https://www.workwithindies.com/careers/league-of-geeks-senior-2d-animator,,WorkWithIndies,,,,,,League of Geeks,AEST ¬± 4 hours
Unity Engineer,https://www.workwithindies.com/careers/fawkes-unity-engineer,,WorkWithIndies,,,,,,Fawkes,CET ¬± 4 hours
2D Game Artist,https://www.workwithindies.com/careers/fawkes-2d-game-artist,,WorkWithIndies,,,,,,Fawkes,CET ¬± 4 hours
Producer,https://www.workwithindies.com/careers/fawkes-producer,,WorkWithIndies,,,,,,Fawkes,CET ¬± 4 hours
3D Generalist (Character Animation),https://www.workwithindies.com/careers/optillusion-games-3d-generalist-character-animation,,WorkWithIndies,,,,,,Optillusion Games,"Orange County, CA"
Technical Designer,https://www.workwithindies.com/careers/optillusion-games-technical-designer,,WorkWithIndies,,,,,,Optillusion Games,"Orange County, CA"
Video Game Marketing Manager,https://www.workwithindies.com/careers/optillusion-games-video-game-marketing-manager,,WorkWithIndies,,,,,,Optillusion Games,"Orange County, CA"
Social Media & Community Manager,https://www.workwithindies.com/careers/nyx-studios-social-media-community-manager,,WorkWithIndies,,,,,,Nyx Studios,Anywhere
Technical Level/Game Designer,https://www.workwithindies.com/careers/sketchbook-games-technical-level-game-designer,,WorkWithIndies,,,,,,Sketchbook Games,United Kingdom
Unity Lighting Artist,https://www.workwithindies.com/careers/alterstaff-unity-lighting-artist,,WorkWithIndies,,,,,,AlterStaff Inc,Anywhere
Technical Artist (Contract),https://www.workwithindies.com/careers/uni-dreams-technical-artist-contract,,WorkWithIndies,,,,,,Uni Dreams,Anywhere
UI Artist,https://www.workwithindies.com/careers/half-mermaid-ui-artist,,WorkWithIndies,,,,,,Half Mermaid,Anywhere
3D Creature Animator (Unreal),https://www.workwithindies.com/careers/fable-forge-studio-3d-creature-animator-unreal,,WorkWithIndies,,,,,,Fable Forge Studio,Anywhere
Senior Sound Designer,https://www.workwithindies.com/careers/millions-of-monsters-senior-sound-designer,,WorkWithIndies,,,,,,Millions of Monsters,US time zones
